{"c0": 1540, "f0": 5200000.0, "lam": 0.00029615384615384616, "Nx": 1545, "Nz": 1621, "ppw": 12, "probe": {"transducerType": "focused_multirow", "noElements": 128.0, "noSubY": 25.1799, "noSubX": 1.0, "kerf": 2e-05, "height": 0.007, "elvFocus": 0.025, "width": 0.000278, "pitch": 0.000298, "Rfocus": 0.025, "fractionalBandwidth": 70.0, "impulseResponse": {"f0": 5200000.0, "phase": 0.0, "bw": 70.0, "wavetype": "gaussian"}, "noElementsY": 1.0, "centerFrequency": 5000000.0}}